flag,algorithm,param,time(s),memory(KB)
VARM,DFSI,100,0.00000,3840
VARM,DFSI,200,0.01000,4352
VARM,DFSI,300,0.00000,4352
VARM,DFSI,400,0.00000,4480
VARM,DFSI,500,0.00000,3968
VARM,DFSI,600,0.42000,14080
VARM,DFSI,700,0.27000,13568
VARM,DFSI,800,0.27000,13184
VARM,DFSI,900,0.48000,18952
VARM,DFSI,1000,1.01000,25856
VARM,DFSR,100,0.00000,3712
VARM,DFSR,200,0.01000,4864
VARM,DFSR,300,0.01000,4992
VARM,DFSR,400,0.04000,6400
VARM,DFSR,500,0.10000,9700
VARM,DFSR,600,0.14000,12800
VARM,DFSR,700,0.14000,13312
VARM,DFSR,800,0.04000,8320
VARM,DFSR,900,0.33000,22400
VARM,DFSR,1000,0.35000,23296
VARM,BFS,100,0.00000,3968
VARM,BFS,200,0.01000,4736
VARM,BFS,300,0.01000,4608
VARM,BFS,400,0.01000,4864
VARM,BFS,500,0.18000,10624
VARM,BFS,600,0.02000,6272
VARM,BFS,700,0.10000,11776
VARM,BFS,800,0.09000,11904
VARM,BFS,900,0.06000,9088
VARM,BFS,1000,0.12000,13696
